query,items,mean_tone_score,supportive_share,concerned_share
nuclear energy,118,-0.15393335788936938,0.3644067796610169,0.4830508474576271
small modular reactor,110,-0.20574689507484437,0.35454545454545455,0.5818181818181818
nuclear power,73,-0.21941747975676026,0.3287671232876712,0.5068493150684932
nuclear reactor,89,-0.3782077304432901,0.2247191011235955,0.5842696629213483
nuclear waste,109,-0.5529650898154722,0.09174311926605505,0.7064220183486238
