platform,items,mean_tone_score,median_tone_score,supportive_share,concerned_share,neutral_share,mean_confidence
ALL,499,-0.3020991052319865,-0.9231593012809752,0.2725450901803607,0.5751503006012024,0.1523046092184369,0.9205937033186934
reddit,128,-0.38762294594198465,-0.9761107265949249,0.2734375,0.6171875,0.109375,0.9485718123614788
hacker_news,126,-0.18966046732569497,-0.911819189786911,0.36507936507936506,0.5396825396825397,0.09523809523809523,0.9357890661746736
google_news,125,-0.1845641646385193,-0.859797477722168,0.352,0.528,0.12,0.9332336163520814
gdelt,120,-0.45136647472778957,-0.9143212735652924,0.09166666666666666,0.6166666666666667,0.2916666666666667,0.8616286799311638
