{
  "ProsusAI/finbert|threshold=0.05": {
    "accuracy": 0.28,
    "balanced_accuracy": 0.2833333333333333,
    "macro_f1": 0.2777028040185935,
    "weighted_f1": 0.30166441745389116,
    "classification_report": {
      "Negative": {
        "precision": 0.5,
        "recall": 0.15,
        "f1-score": 0.23076923076923078,
        "support": 20.0
      },
      "Neutral": {
        "precision": 0.10714285714285714,
        "recall": 0.3,
        "f1-score": 0.15789473684210525,
        "support": 10.0
      },
      "Positive": {
        "precision": 0.5,
        "recall": 0.4,
        "f1-score": 0.4444444444444444,
        "support": 20.0
      },
      "accuracy": 0.28,
      "macro avg": {
        "precision": 0.36904761904761907,
        "recall": 0.2833333333333333,
        "f1-score": 0.2777028040185935,
        "support": 50.0
      },
      "weighted avg": {
        "precision": 0.4214285714285714,
        "recall": 0.28,
        "f1-score": 0.30166441745389116,
        "support": 50.0
      }
    },
    "confusion_matrix": [
      [
        3,
        13,
        4
      ],
      [
        3,
        3,
        4
      ],
      [
        0,
        12,
        8
      ]
    ]
  },
  "ProsusAI/finbert|threshold=0.1": {
    "accuracy": 0.28,
    "balanced_accuracy": 0.2833333333333333,
    "macro_f1": 0.2777028040185935,
    "weighted_f1": 0.30166441745389116,
    "classification_report": {
      "Negative": {
        "precision": 0.5,
        "recall": 0.15,
        "f1-score": 0.23076923076923078,
        "support": 20.0
      },
      "Neutral": {
        "precision": 0.10714285714285714,
        "recall": 0.3,
        "f1-score": 0.15789473684210525,
        "support": 10.0
      },
      "Positive": {
        "precision": 0.5,
        "recall": 0.4,
        "f1-score": 0.4444444444444444,
        "support": 20.0
      },
      "accuracy": 0.28,
      "macro avg": {
        "precision": 0.36904761904761907,
        "recall": 0.2833333333333333,
        "f1-score": 0.2777028040185935,
        "support": 50.0
      },
      "weighted avg": {
        "precision": 0.4214285714285714,
        "recall": 0.28,
        "f1-score": 0.30166441745389116,
        "support": 50.0
      }
    },
    "confusion_matrix": [
      [
        3,
        13,
        4
      ],
      [
        3,
        3,
        4
      ],
      [
        0,
        12,
        8
      ]
    ]
  },
  "ProsusAI/finbert|threshold=0.2": {
    "accuracy": 0.28,
    "balanced_accuracy": 0.2833333333333333,
    "macro_f1": 0.2805860805860806,
    "weighted_f1": 0.3059340659340659,
    "classification_report": {
      "Negative": {
        "precision": 0.5,
        "recall": 0.15,
        "f1-score": 0.23076923076923078,
        "support": 20.0
      },
      "Neutral": {
        "precision": 0.10344827586206896,
        "recall": 0.3,
        "f1-score": 0.15384615384615385,
        "support": 10.0
      },
      "Positive": {
        "precision": 0.5333333333333333,
        "recall": 0.4,
        "f1-score": 0.45714285714285713,
        "support": 20.0
      },
      "accuracy": 0.28,
      "macro avg": {
        "precision": 0.37892720306513406,
        "recall": 0.2833333333333333,
        "f1-score": 0.2805860805860806,
        "support": 50.0
      },
      "weighted avg": {
        "precision": 0.4340229885057471,
        "recall": 0.28,
        "f1-score": 0.3059340659340659,
        "support": 50.0
      }
    },
    "confusion_matrix": [
      [
        3,
        14,
        3
      ],
      [
        3,
        3,
        4
      ],
      [
        0,
        12,
        8
      ]
    ]
  },
  "ProsusAI/finbert|threshold=0.3": {
    "accuracy": 0.28,
    "balanced_accuracy": 0.3,
    "macro_f1": 0.2862484737484738,
    "weighted_f1": 0.30540293040293043,
    "classification_report": {
      "Negative": {
        "precision": 0.5,
        "recall": 0.15,
        "f1-score": 0.23076923076923078,
        "support": 20.0
      },
      "Neutral": {
        "precision": 0.125,
        "recall": 0.4,
        "f1-score": 0.19047619047619047,
        "support": 10.0
      },
      "Positive": {
        "precision": 0.5833333333333334,
        "recall": 0.35,
        "f1-score": 0.4375,
        "support": 20.0
      },
      "accuracy": 0.28,
      "macro avg": {
        "precision": 0.40277777777777785,
        "recall": 0.3,
        "f1-score": 0.2862484737484738,
        "support": 50.0
      },
      "weighted avg": {
        "precision": 0.45833333333333337,
        "recall": 0.28,
        "f1-score": 0.30540293040293043,
        "support": 50.0
      }
    },
    "confusion_matrix": [
      [
        3,
        15,
        2
      ],
      [
        3,
        4,
        3
      ],
      [
        0,
        13,
        7
      ]
    ]
  },
  "cardiffnlp/twitter-roberta-base-sentiment-latest|threshold=0.05": {
    "accuracy": 0.36,
    "balanced_accuracy": 0.4000000000000001,
    "macro_f1": 0.32718370544457503,
    "weighted_f1": 0.33262044653349,
    "classification_report": {
      "Negative": {
        "precision": 0.3333333333333333,
        "recall": 0.05,
        "f1-score": 0.08695652173913043,
        "support": 20.0
      },
      "Neutral": {
        "precision": 0.2,
        "recall": 0.6,
        "f1-score": 0.3,
        "support": 10.0
      },
      "Positive": {
        "precision": 0.6470588235294118,
        "recall": 0.55,
        "f1-score": 0.5945945945945946,
        "support": 20.0
      },
      "accuracy": 0.36,
      "macro avg": {
        "precision": 0.3934640522875817,
        "recall": 0.4000000000000001,
        "f1-score": 0.32718370544457503,
        "support": 50.0
      },
      "weighted avg": {
        "precision": 0.43215686274509807,
        "recall": 0.36,
        "f1-score": 0.33262044653349,
        "support": 50.0
      }
    },
    "confusion_matrix": [
      [
        1,
        16,
        3
      ],
      [
        1,
        6,
        3
      ],
      [
        1,
        8,
        11
      ]
    ]
  },
  "cardiffnlp/twitter-roberta-base-sentiment-latest|threshold=0.1": {
    "accuracy": 0.36,
    "balanced_accuracy": 0.4000000000000001,
    "macro_f1": 0.32718370544457503,
    "weighted_f1": 0.33262044653349,
    "classification_report": {
      "Negative": {
        "precision": 0.3333333333333333,
        "recall": 0.05,
        "f1-score": 0.08695652173913043,
        "support": 20.0
      },
      "Neutral": {
        "precision": 0.2,
        "recall": 0.6,
        "f1-score": 0.3,
        "support": 10.0
      },
      "Positive": {
        "precision": 0.6470588235294118,
        "recall": 0.55,
        "f1-score": 0.5945945945945946,
        "support": 20.0
      },
      "accuracy": 0.36,
      "macro avg": {
        "precision": 0.3934640522875817,
        "recall": 0.4000000000000001,
        "f1-score": 0.32718370544457503,
        "support": 50.0
      },
      "weighted avg": {
        "precision": 0.43215686274509807,
        "recall": 0.36,
        "f1-score": 0.33262044653349,
        "support": 50.0
      }
    },
    "confusion_matrix": [
      [
        1,
        16,
        3
      ],
      [
        1,
        6,
        3
      ],
      [
        1,
        8,
        11
      ]
    ]
  },
  "cardiffnlp/twitter-roberta-base-sentiment-latest|threshold=0.2": {
    "accuracy": 0.34,
    "balanced_accuracy": 0.3833333333333333,
    "macro_f1": 0.29894179894179895,
    "weighted_f1": 0.30158730158730157,
    "classification_report": {
      "Negative": {
        "precision": 0.0,
        "recall": 0.0,
        "f1-score": 0.0,
        "support": 20.0
      },
      "Neutral": {
        "precision": 0.1875,
        "recall": 0.6,
        "f1-score": 0.2857142857142857,
        "support": 10.0
      },
      "Positive": {
        "precision": 0.6875,
        "recall": 0.55,
        "f1-score": 0.6111111111111112,
        "support": 20.0
      },
      "accuracy": 0.34,