articles,mean_tone_score,median_tone_score,tone_score_std,q10_tone_score,q90_tone_score,mean_model_disagreement,source
372,0.027772650439991647,0.03320233268048734,0.19918532612873305,-0.16632726490497587,0.3007076224862225,0.41614449960551286,ALL
100,0.19759637199168906,0.21964233588522725,0.18475264797582602,-0.14597113459121977,0.41464321933024334,0.3827170960280193,wnn
45,0.05418798814425247,0.10575864920880389,0.1657299650789236,-0.1602656629341346,0.23586566730920105,0.4260362421187813,greenpeace
27,0.028121294778983136,0.09942490855852763,0.16536263407636292,-0.16611191232999165,0.16602142651875815,0.4089201660016157,beyond_nuclear
100,-0.043765286244713784,-0.09312657702589694,0.12459218023926152,-0.1638152617574175,0.15488106012344363,0.412309678439475,wna
100,-0.08249417036544546,-0.14544424562788946,0.18092873201050247,-0.2951582377465685,0.17223636062755138,0.45090601029112565,guardian
