{
  "accuracy": 0.98,
  "balanced_accuracy": 0.9833333333333334,
  "f1_macro": 0.9755799755799756,
  "classification_report": {
    "Negative": {
      "precision": 1.0,
      "recall": 1.0,
      "f1-score": 1.0,
      "support": 20.0
    },
    "Neutral": {
      "precision": 0.9090909090909091,
      "recall": 1.0,
      "f1-score": 0.9523809523809523,
      "support": 10.0
    },
    "Positive": {
      "precision": 1.0,
      "recall": 0.95,
      "f1-score": 0.9743589743589743,
      "support": 20.0
    },
    "accuracy": 0.98,
    "macro avg": {
      "precision": 0.9696969696969697,
      "recall": 0.9833333333333334,
      "f1-score": 0.9755799755799756,
      "support": 50.0
    },
    "weighted avg": {
      "precision": 0.9818181818181819,
      "recall": 0.98,
      "f1-score": 0.9802197802197802,
      "support": 50.0
    }
  },
  "confusion_matrix": [
    [
      20,
      0,
      0
    ],
    [
      0,
      10,
      0
    ],
    [
      0,
      1,
      19
    ]
  ],
  "matched_rows": 50
}