{
  "accuracy": 0.38461538461538464,
  "balanced_accuracy": 0.4222222222222222,
  "f1_macro": 0.38311688311688313,
  "classification_report": {
    "Negative": {
      "precision": 0.3333333333333333,
      "recall": 0.4,
      "f1-score": 0.36363636363636365,
      "support": 5.0
    },
    "Neutral": {
      "precision": 0.4,
      "recall": 0.6666666666666666,
      "f1-score": 0.5,
      "support": 3.0
    },
    "Positive": {
      "precision": 0.5,
      "recall": 0.2,
      "f1-score": 0.2857142857142857,
      "support": 5.0
    },
    "accuracy": 0.38461538461538464,
    "macro avg": {
      "precision": 0.41111111111111115,
      "recall": 0.4222222222222222,
      "f1-score": 0.38311688311688313,
      "support": 13.0
    },
    "weighted avg": {
      "precision": 0.41282051282051285,
      "recall": 0.38461538461538464,
      "f1-score": 0.36513486513486515,
      "support": 13.0
    }
  },
  "confusion_matrix": [
    [
      2,
      2,
      1
    ],
    [
      1,
      2,
      0
    ],
    [
      3,
      1,
      1
    ]
  ]
}