{
  "model": "distilbert/distilbert-base-uncased",
  "device": "cpu",
  "epochs": 2,
  "batch_size": 8,
  "accuracy": 0.9866666666666667,
  "balanced_accuracy": 0.9777777777777779,
  "f1_macro": 0.9803756658256239,
  "classification_report": {
    "mixed": {
      "precision": 0.9523809523809523,
      "recall": 1.0,
      "f1-score": 0.975609756097561,
      "support": 20.0
    },
    "negative": {
      "precision": 1.0,
      "recall": 0.9333333333333333,
      "f1-score": 0.9655172413793104,
      "support": 15.0
    },
    "pro": {
      "precision": 1.0,
      "recall": 1.0,
      "f1-score": 1.0,
      "support": 40.0
    },
    "accuracy": 0.9866666666666667,
    "macro avg": {
      "precision": 0.9841269841269842,
      "recall": 0.9777777777777779,
      "f1-score": 0.9803756658256239,
      "support": 75.0
    },
    "weighted avg": {
      "precision": 0.9873015873015873,
      "recall": 0.9866666666666667,
      "f1-score": 0.9865993832352117,
      "support": 75.0
    }
  },
  "confusion_matrix": [
    [
      20,
      0,
      0
    ],
    [
      1,
      14,
      0
    ],
    [
      0,
      0,
      40
    ]
  ],
  "labels": [
    "mixed",
    "negative",
    "pro"
  ],
  "saved_model_dir": "models\\transformer_distilbert"
}